{"stimulus": [16530.0], "response": [0.06308560429182711, 0.0577913710352348, 0.052547488453887334, 0.05118223386433253, 0.07372644416251783, 0.12126538610257753, 0.19538389467663905, 0.2843569766254435, 0.3766684212501553, 0.44196741658218014, 0.5197097097726174, 0.5794329205901991, 0.6361237859405976, 0.6776369657798992, 0.7141167344945788, 0.7602948652073219, 0.7761602478544145, 0.8001443385317861, 0.825285973260157, 0.8411420357317518], "time": [0.0, 28.7719998, 58.771999799999996, 88.7719998, 118.7719998, 148.7719998, 178.7719998, 208.7719998, 238.7719998, 268.7719998, 298.7719998, 328.7719998, 358.7719998, 388.7719998, 418.7719998, 448.7719998, 478.7719998, 508.77222240000003, 538.7719998, 568.7719998], "response_std": [0.049980886199275466, 0.05543363986127252, 0.05617576345564376, 0.05770449970493553, 0.0779077323078609, 0.1254837917399244, 0.187214760143249, 0.23752449799319594, 0.2850867220781804, 0.3229422848522766, 0.32589698994421, 0.31763875890708115, 0.30698333151591023, 0.29538032875066716, 0.2797250085302155, 0.2529695280354879, 0.24445504097773912, 0.2235776215303372, 0.21110810861584373, 0.19499685821340398]}