{"stimulus": [16530.0], "response": [0.06308560429182711, 0.0577913710352348, 0.052547488453887334, 0.05118223386433253, 0.07372644416251783, 0.12126538610257753, 0.19538389467663905, 0.2843569766254435, 0.3766684212501553, 0.44196741658218014, 0.5197097097726174, 0.5794329205901991, 0.6361237859405976, 0.6776369657798992, 0.7141167344945788, 0.7602948652073219, 0.7761602478544145, 0.8001443385317861, 0.825285973260157, 0.8411420357317518, 0.8640495290551506, 0.8816772193078076, 0.8688044396567242, 0.8817314627870113, 0.9037940182148668, 0.8952799749957956, 0.909204819224244, 0.905970391629659, 0.9179109603387173, 0.9294426866873334, 0.9365818850656792, 0.9246669807710209, 0.9275944901195424, 0.9177884048003155, 0.9271362509423333, 0.9335966111989317, 0.9179455539245341, 0.9135707051753679, 0.9290171305636286, 0.9203722043040047], "time": [0.0, 28.7719998, 58.771999799999996, 88.7719998, 118.7719998, 148.7719998, 178.7719998, 208.7719998, 238.7719998, 268.7719998, 298.7719998, 328.7719998, 358.7719998, 388.7719998, 418.7719998, 448.7719998, 478.7719998, 508.77222240000003, 538.7719998, 568.7719998, 598.7719998, 628.7719979999999, 658.7719979999999, 688.7719979999999, 718.7719979999999, 748.7719979999999, 778.7719979999999, 808.7719979999999, 838.7719979999999, 868.7719979999999, 898.7719979999999, 928.7719979999999, 958.7719979999999, 988.7719979999999, 1018.7719979999999, 1048.771998, 1078.771998, 1108.771998, 1138.771998, 1168.771998], "response_std": [0.049980886199275466, 0.05543363986127252, 0.05617576345564376, 0.05770449970493553, 0.0779077323078609, 0.1254837917399244, 0.187214760143249, 0.23752449799319594, 0.2850867220781804, 0.3229422848522766, 0.32589698994421, 0.31763875890708115, 0.30698333151591023, 0.29538032875066716, 0.2797250085302155, 0.2529695280354879, 0.24445504097773912, 0.2235776215303372, 0.21110810861584373, 0.19499685821340398, 0.18000664540114533, 0.17148524073134355, 0.16166099350365415, 0.15507582365083253, 0.14134447790430724, 0.14484860468405913, 0.13564246825118195, 0.12845510941208538, 0.12380239719629901, 0.11528103514171269, 0.10660631704442898, 0.11074804086682834, 0.10684936686982115, 0.11268564614186594, 0.1040607518693415, 0.100402501994309, 0.11070147259720896, 0.10529262812939003, 0.09969589260285179, 0.09763840438035784]}